cohort,intercept,slope
dose0_unvaccinated,-7.133069757657277,0.025373177448211347
dose1,-5.780951449431724,0.026934597769390795
dose2,-7.017954091179154,0.00940657267498622
