cohort,intercept,slope
dose0_unvaccinated,-7.540629677201231,0.07474827520300267
dose1,-5.961556925764394,0.0484887440753723
dose2,-7.075129807087011,0.015977726185889787
