age_band,cohort,n_persons,final_t,final_kcor
65-74,dose1,642111,24,0.18377558784686737
65-74,dose2,642111,24,0.09439846417388911
65-74,dose3plus,642111,24,0.0
75-84,dose1,399230,24,0.2934489907661675
75-84,dose2,399230,24,0.13109174893267408
75-84,dose3plus,399230,24,0.24793375847166524
85+,dose1,140466,24,0.766309329784348
85+,dose2,140466,24,0.3048148299111925
85+,dose3plus,140466,24,7487.306621055651
