cohort,intercept,slope
dose0_unvaccinated,-3.8820342725005865,-0.0500315151248277
dose1,-5.0356618131763655,-0.02990481048624359
dose2,-5.75177420381497,-0.0011588654995001602
