{
  "xlsx": "example/Frail_cohort_mix.xlsx",
  "sheet": "1-10 frailty",
  "weekly_log_slope": 0.00157,
  "base_prob": 0.01,
  "frailty": [
    10.0,
    7.5,
    5.0,
    2.5,
    1.0
  ],
  "weights_A": [
    0.2,
    0.2,
    0.2,
    0.2,
    0.2
  ],
  "weights_B": [
    0.5,
    0.2,
    0.15,
    0.1,
    0.05
  ],
  "anchor_window_weeks": [
    3,
    6
  ],
  "fitA": {
    "C": -2.8705936125684945,
    "k0": -0.03270555021573647,
    "k_inf": 0.0015159435039894184,
    "tau": 49.90095543093815,
    "rms_log_error": 0.008681632878072821
  },
  "fitB": {
    "C": -2.3714742010482928,
    "k0": -0.03361072383294871,
    "k_inf": 0.0017908020464097313,
    "tau": 65.22939244188032,
    "rms_log_error": 0.026285703537505294
  },
  "fitA_rms_log_error": 0.008681632878072821,
  "fitB_rms_log_error": 0.026285703537505294
}