{
  "xlsx": "example/Frail_cohort_mix.xlsx",
  "sheet": "1-10 frailty",
  "weekly_log_slope": 0.00157,
  "base_prob": 0.01,
  "frailty": [
    10.0,
    7.5,
    5.0,
    2.5,
    1.0
  ],
  "weights_A": [
    0.2,
    0.2,
    0.2,
    0.2,
    0.2
  ],
  "weights_B": [
    0.30000000000000004,
    0.20000000000000004,
    0.20000000000000004,
    0.20000000000000004,
    0.10000000000000002
  ],
  "skip_weeks": 2,
  "norm_weeks": 4,
  "kcor_baseline_index": 5,
  "fitA": {
    "C": -2.8665226251094587,
    "k0": -0.033123318638110924,
    "k_inf": 0.001423781091639896,
    "tau": 48.916994258645424,
    "rms_log_error": 0.010733450402725267
  },
  "fitB": {
    "C": -2.6993088921957447,
    "k0": -0.029459383954196346,
    "k_inf": 0.001115459932552923,
    "tau": 58.439000076875004,
    "rms_log_error": 0.01179699999252051
  },
  "fitA_rms_log_error": 0.010733450402725267,
  "fitB_rms_log_error": 0.01179699999252051
}