cohort,intercept,slope
dose0_unvaccinated,-7.089049073352468,0.033897226145094723
dose1,-5.32790088644117,-0.00968661523659197
dose2,-7.237453705940825,0.030639012510883672
