cohort,intercept,slope
dose0_unvaccinated,-4.76651724760241,-0.07595733918280527
dose1,-6.299475333651662,-0.02261153678207848
dose2,-6.890089132978017,-0.007599176333723501
