cohort,intercept,slope
dose0_unvaccinated,-6.243754288294568,-0.04459985631791352
dose1,-6.40333298526667,-0.05091626336875028
dose2,-6.88451446314438,-0.033948828352133587
dose3plus,-6.251717583722025,-0.025079901365337432
