cohort,n_configs,mean_final_kcor,median_final_kcor,std_final_kcor,min_final_kcor,max_final_kcor,pct_above_1,pct_below_1,pct_near_1
dose1,54,1.5150221956996592,0.8818414718027171,1.2359780093721509,0.39279898699396015,4.065571312122971,33.33333333333333,66.66666666666666,3.7037037037037033
dose2,54,0.7373591374292728,0.7099565783720674,0.14074441969407486,0.5360958806764491,1.0392847462902575,3.7037037037037033,96.29629629629629,11.11111111111111
dose3plus,18,35.78627748322152,1.0578820187217217,130.08866480090998,0.7258150378607633,555.4447826715699,50.0,50.0,0.0
dose3,18,0.8913541113839119,0.8517917106937792,0.2697929474290643,0.5821324559225586,1.8121409789382192,11.11111111111111,88.88888888888889,5.555555555555555
dose4,18,2.067925773997245,1.8751702535938317,0.9468742617153089,0.7388280465382455,4.148070863301095,83.33333333333334,16.666666666666664,5.555555555555555
dose5,9,1.8500027148954272,1.7164414080954604,0.741581261395562,0.8696675624595355,2.951238594812326,88.88888888888889,11.11111111111111,0.0
dose6,9,0.0,0.0,0.0,0.0,0.0,0.0,100.0,0.0
