cohort,intercept,slope
dose0_unvaccinated,-6.386039003238088,-0.03453502771790637
dose1,-5.127385340024689,-0.02698281245456608
dose2,-6.306462029637643,-0.05398337194514362
