cohort,intercept,slope
dose0_unvaccinated,-7.044548077824588,0.016300635381196513
dose1,-5.882952522754119,0.042825877895547884
dose2,-7.118562814743439,0.013051241079978375
